"0",,,,,,
,"1",,,,,
,,"1A",,,,
,,,"1A1",,,
,,,,"1A1A",,
,,,,,"1A1AI",
,,,,,"1A1AII",
,,,,,"1A1AIII",
,,,,"1A1B",,
,,,,"1A1C",,
,,,,,"1A1CI",
,,,,,"1A1CII",
,,,"1A2",,,
,,,,"1A2A",,
,,,,"1A2B",,
,,,,"1A2C",,
,,,,"1A2D",,
,,,,"1A2E",,
,,,,"1A2F",,
,,,,"1A2G",,
,,,,"1A2H",,
,,,,"1A2I",,
,,,,"1A2J",,
,,,,"1A2K",,
,,,,"1A2L",,
,,,,"1A2M",,
,,,"1A3",,,
,,,,"1A3A",,
,,,,,"1A3AI",
,,,,,"1A3AII",
,,,,"1A3B",,
,,,,,"1A3BI",
,,,,,,"1A3BI1"
,,,,,,"1A3BI2"
,,,,,"1A3BII",
,,,,,,"1A3BII1"
,,,,,,"1A3BII2"
,,,,,"1A3BIII",
,,,,,"1A3BIV",
,,,,,"1A3BV",
,,,,,"1A3BVI",
,,,,"1A3C",,
,,,,"1A3D",,
,,,,,"1A3DI",
,,,,,"1A3DII",
,,,,"1A3E",,
,,,,,"1A3EI",
,,,,,"1A3EII",
,,,"1A4",,,
,,,,"1A4A",,
,,,,"1A4B",,
,,,,"1A4C",,
,,,,,"1A4CI",
,,,,,"1A4CII",
,,,,,"1A4CIII",
,,,"1A5",,,
,,,,"1A5A",,
,,,,"1A5B",,
,,,,,"1A5BI",
,,,,,"1A5BII",
,,,,,"1A5BIII",
,,,,"1A5C",,
,,"1B",,,,
,,,"1B1",,,
,,,,"1B1A",,
,,,,,"1B1AI",
,,,,,,"1B1AI1"
,,,,,,"1B1AI2"
,,,,,,"1B1AI3"
,,,,,,"1B1AI4"
,,,,,"1B1AII",
,,,,,,"1B1AII1"
,,,,,,"1B1AII2"
,,,,"1B1B",,
,,,,"1B1C",,
,,,"1B2",,,
,,,,"1B2A",,
,,,,,"1B2AI",
,,,,,"1B2AII",
,,,,,"1B2AIII",
,,,,,,"1B2AIII1"
,,,,,,"1B2AIII2"
,,,,,,"1B2AIII3"
,,,,,,"1B2AIII4"
,,,,,,"1B2AIII5"
,,,,,,"1B2AIII6"
,,,,"1B2B",,
,,,,,"1B2BI",
,,,,,"1B2BII",
,,,,,"1B2BIII",
,,,,,,"1B2BIII1"
,,,,,,"1B2BIII2"
,,,,,,"1B2BIII3"
,,,,,,"1B2BIII4"
,,,,,,"1B2BIII5"
,,,,,,"1B2BIII6"
,,,"1B3",,,
,,"1C",,,,
,,,"1C1",,,
,,,,"1C1A",,
,,,,"1C1B",,
,,,,"1C1C",,
,,,"1C2",,,
,,,,"1C2A",,
,,,,"1C2B",,
,,,"1C3",,,
,"2",,,,,
,,"2A",,,,
,,,"2A1",,,
,,,"2A2",,,
,,,"2A3",,,
,,,"2A4",,,
,,,,"2A4A",,
,,,,"2A4B",,
,,,,"2A4C",,
,,,,"2A4D",,
,,,"2A5",,,
,,"2B",,,,
,,,"2B1",,,
,,,"2B2",,,
,,,"2B3",,,
,,,"2B4",,,
,,,"2B5",,,
,,,"2B6",,,
,,,"2B7",,,
,,,"2B8",,,
,,,,"2B8A",,
,,,,"2B8B",,
,,,,"2B8C",,
,,,,"2B8D",,
,,,,"2B8E",,
,,,,"2B8F",,
,,,"2B9",,,
,,,,"2B9A",,
,,,,"2B9B",,
,,,,"2B10",,
,,"2C",,,,
,,,"2C1",,,
,,,"2C2",,,
,,,"2C3",,,
,,,"2C4",,,
,,,"2C5",,,
,,,"2C6",,,
,,,"2C7",,,
,,"2D",,,,
,,,"2D1",,,
,,,"2D2",,,
,,,"2D3",,,
,,,"2D4",,,
,,"2E",,,,
,,,"2E1",,,
,,,"2E2",,,
,,,"2E3",,,
,,,"2E4",,,
,,,"2E5",,,
,,"2F",,,,
,,,"2F1",,,
,,,,"2F1A",,
,,,,"2F1B",,
,,,"2F2",,,
,,,"2F3",,,
,,,"2F4",,,
,,,"2F5",,,
,,,"2F6",,,
,,"2G",,,,
,,,"2G1",,,
,,,,"2G1A",,
,,,,"2G1B",,
,,,,"2G1C",,
,,,"2G2",,,
,,,,"2G2A",,
,,,,"2G2B",,
,,,,"2G2C",,
,,,"2G3",,,
,,,,"2G3A",,
,,,,"2G3B",,
,,,,"2G3C",,
,,,"2G4",,,
,,"2H",,,,
,,,"2H1",,,
,,,"2H2",,,
,,,"2H3",,,
,"3",,,,,
,,"3A",,,,
,,,"3A1",,,
,,,,"3A1A",,
,,,,,"3A1AI",
,,,,,"3A1AII",
,,,,"3A1B",,
,,,,"3A1C",,
,,,,"3A1D",,
,,,,"3A1E",,
,,,,"3A1F",,
,,,,"3A1G",,
,,,,"3A1H",,
,,,,"3A1J",,
,,,"3A2",,,
,,,,"3A2A",,
,,,,,"3A2AI",
,,,,,"3A2AII",
,,,,"3A2B",,
,,,,"3A2C",,
,,,,"3A2D",,
,,,,"3A2E",,
,,,,"3A2F",,
,,,,"3A2G",,
,,,,"3A2H",,
,,,,"3A2I",,
,,,,"3A2J",,
,,"3B",,,,
,,,"3B1",,,
,,,,"3B1A",,
,,,,"3B1B",,
,,,,,"3B1BI",
,,,,,"3B1BII",
,,,,,"3B1BIII",
,,,,,"3B1BIV",
,,,,,"3B1BV",
,,,"3B2",,,
,,,,"3B2A",,
,,,,"3B2B",,
,,,,,"3B2BI",
,,,,,"3B2BII",
,,,,,"3B2BIII",
,,,,,"3B2BIV",
,,,,,"3B2BV",
,,,"3B3",,,
,,,,"3B3A",,
,,,,"3B3B",,
,,,,,"3B3BI",
,,,,,"3B3BII",
,,,,,"3B3BIII",
,,,,,"3B3BIV",
,,,,,"3B3BV",
,,,"3B4",,,
,,,,"3B4A",,
,,,,,"3B4AI",
,,,,,"3B4AII",
,,,,"3B4B",,
,,,,,"3B4BI",
,,,,,"3B4BII",
,,,,,"3B4BIII",
,,,"3B5",,,
,,,,"3B5A",,
,,,,"3B5B",,
,,,,,"3B5BI",
,,,,,"3B5BII",
,,,,,"3B5BIII",
,,,,,"3B5BIV",
,,,,,"3B5BV",
,,,"3B6",,,
,,,,"3B6A",,
,,,,"3B6B",,
,,,,,"3B6BI",
,,,,,"3B6BII",
,,,,,"3B6BIII",
,,,,,"3B6BIV",
,,,,,"3B6BV",
,,"3C",,,,
,,,"3C1",,,
,,,,"3C1A",,
,,,,"3C1B",,
,,,,"3C1C",,
,,,,"3C1D",,
,,,"3C2",,,
,,,"3C3",,,
,,,"3C4",,,
,,,"3C5",,,
,,,"3C6",,,
,,,"3C7",,,
,,,"3C8",,,
,,"3D",,,,
,,,"3D1",,,
,,,"3D2",,,
,"4",,,,,
,,"4A",,,,
,,,"4A1",,,
,,,"4A2",,,
,,,"4A3",,,
,,"4B",,,,
,,"4C",,,,
,,,"4C1",,,
,,,"4C2",,,
,,"4D",,,,
,,,"4D1",,,
,,,"4D2",,,
,,"4E",,,,
,"5",,,,,
,,"5A",,,,
,,"5B",,,,
